Q1 2019 Architecture S1,Q1 2019 Architecture S2,Q1 2019 Architecture S3,Q1 2019 Architecture S4,Q2 2019 Architecture S1,Q2 2019 Architecture S2,Q2 2019 Architecture S3,Q2 2019 Architecture S4,Q3 2019 Architecture S1,Q3 2019 Architecture S2,Q3 2019 Architecture S3,Q3 2019 Architecture S4,Q4 2019 Architecture S1,Q4 2019 Architecture S2,Q4 2019 Architecture S3,Q4 2019 Architecture S4,Q1 2020 Architecture S1,Q1 2020 Architecture S2,Q1 2020 Architecture S3,Q1 2020 Architecture S4,Q2 2020 Architecture S1,Q2 2020 Architecture S2,Q2 2020 Architecture S3,Q3 2020 Architecture S1,Q3 2020 Architecture S2,Q3 2020 Architecture S3,Q3 2020 Architecture S4,Q4 2020 Architecture S1,Q4 2020 Architecture S2,Q4 2020 Architecture S3,Q4 2020 Architecture S4,Q1 2019 Charge Integrity S1,Q1 2019 Charge Integrity S2,Q1 2019 Charge Integrity S3,Q1 2019 Charge Integrity S4,Q2 2019 Charge Integrity S1,Q2 2019 Charge Integrity S2,Q2 2019 Charge Integrity S3,Q3 2019 Charge Integrity S1,Q3 2019 Charge Integrity S2,Q3 2019 Charge Integrity S3,Q3 2019 Charge Integrity S4,Q4 2019 Charge Integrity S1,Q4 2019 Charge Integrity S2,Q4 2019 Charge Integrity S3,Q1 2020 Charge Integrity S1,Q1 2020 Charge Integrity S2,Q1 2020 Charge Integrity S3,Q1 2020 Charge Integrity S4,Q2 2020 Charge Integrity S1,Q2 2020 Charge Integrity S2,Q2 2020 Charge Integrity S3,Q2 2020 Charge Integrity S4,Q3 2020 Charge Integrity S1,Q3 2020 Charge Integrity S2,Q3 2020 Charge Integrity S3,Q4 2020 Charge Integrity S1,Q4 2020 Charge Integrity S2,Q4 2020 Charge Integrity S3,Q4 2020 Charge Integrity S4,Q1 2021 Charge Integrity S1,Q1 2021 Charge Integrity S2,Q1 2021 Charge Integrity S3,Q1 2019 Claims S1,Q1 2019 Claims S2,Q1 2019 Claims S3,Q1 2019 Claims S4,Q2 2019 Claims S1,Q2 2019 Claims S2,Q2 2019 Claims S3,Q2 2019 Claims S4,Q3 2019 Claims S2,Q3 2019 Claims S3,Q3 2019 Claims S4,Q4 2019 Claims S1,Q4 2019 Claims S2,Q4 2019 Claims S3,Q4 2019 Claims S4,Q1 2020 Claims S1,Q1 2020 Claims S2,Q1 2020 Claims S3,Q1 2020 Claims S4,Q2 2020 Claims S1,Q2 2020 Claims S2,Q2 2020 Claims S3,Q2 2020 Claims S4,Q3 2020 Claims S2,Q3 2020 Claims S3,Q3 2020 Claims S4,Q4 2020 Claims S1,Q4 2020 Claims S2,Q4 2020 Claims S3,Q4 2020 Claims S4,Q1 2021 Claims S1,Q1 2021 Claims S2,Q1 2021 Claims S3,Q1 2021 Claims S4,Q2 2019 Contract Management S2,Q2 2019 Contract Management S3,Q3 2019 Contract Management S2,Q3 2019 Contract Management S3,Q4 2019 Contract Management S2,Q4 2019 Contract Management S3,Q1 2020 Contract Management S1,Q1 2020 Contract Management S2,Q1 2020 Contract Management S3,Q1 2020 Contract Management S4,Q3 2020 Contract Management S 2,Q4 2020 Contract Management S 1,Q4 2020 Contract Management S 2,Q4 2020 Contract Management S 3,Q4 2020 Contract Management S4,Q1 2021 Contract Management S1,Q1 2021 Contract Management S2,Q1 2021 Contract Management S3,Q1 2021 Contract Management S4,Q4 2018 Coverage Detection S2,Q4 2018 Coverage Detection S3,Q4 2018 Coverage Detection S4,Q1 2019 Coverage Detection S3,Q2 2019 Coverage Detection S3,Q4 2019 Coverage Detection S3,Q1 2021 Coverage Detection S1,Q1 2021 Coverage Detection S2,Q1 2021 Coverage Detection S3,Q1 2021 Coverage Detection S4,Q4 2018 Denial Management S3,Q1 2019 Denial Management S3,Q1 2019 Denial Management S4,Q2 2019 Denial Management S3,Q2 2019 Denial Management S4,Q3 2019 Denial Management S4,Q4 2019 Denial Management S3,Q1 2020 Denial Management S2,Q1 2020 Denial Management S3,Q1 2020 Denial Management S4,Q2 2020 Denial Management S1,Q2 2020 Denial Management S3,Q2 2020 Denial Management S2,Q2 2020 Denial Management S4,Q3 2020 Denial Management S3,Q4 2020 Denial Management S3,Q4 2020 Denial Management S4,Q1 2021 Denial Management S1,Q1 2021 Denial Management S2,Q1 2021 Denial Management S3,Q1 2021 Denial Management S4,Q1 2020 Eligibility S1,Q1 2020 Eligibility S2,Q1 2020 Eligibility S3,Q2 2019 Eligibility S1,Q2 2019 Eligibility S3,Q2 2019 Eligibility S4,Q3 2019 Eligibility S2,Q4 2019 Eligibility S3,Q4 2019 Eligibility S4,Q2 2020 Eligibility S1,Q2 2020 Eligibility S2,Q2 2020 Eligibility S3,Q2 2020 Eligibility S4,Q3 2020 Eligibility S3,Q3 2020 Eligibility S4,Q4 2020 Eligibility S1,Q4 2020 Eligibility S2,Q4 2020 Eligibility S3,Q4 2020 Eligibility S4,Q1 2019 Estimation S1,Q1 2019 Estimation S2,Q1 2019 Estimation S3,Q1 2019 Estimation S4,Q2 2019 Estimation S3,Q2 2019 Estimation S4,Q3 2019 Estimation S4,Q4 2019 Estimation S2,Q4 2019 Estimation S4,Q1 2020 Estimation S2,Q2 2020 Estimation S1,Q2 2020 Estimation S2,Q2 2020 Estimation S3,Q2 2020 Estimation S4,Q1 2020 Infrastructure S1,Q4 2018 Internal S2,Q4 2018 Internal S4,Q1 2019 Internal S3,Q1 2019 Internal S4,Q2 2019 Internal S2,Q2 2019 Internal S3,Q2 2019 Internal S4,Q3 2019 Internal S2,Q3 2019 Internal S3,Q3 2019 Internal S4,Q4 2019 Internal S4,Q1 2020 Internal S1,Q1 2020 Internal S2,Q1 2020 Internal S3,Q1 2020 Internal S4,Q2 2020 Internal S1,Q2 2020 Internal S2,Q2 2020 Internal S3,Q2 2020 Internal S4,Q4 2020 Internal S4,Q1 2021 Internal S1,Q1 2021 Internal S2,Q1 2021 Internal S3,Q1 2021 Internal S4,Q1 2019 Patient Payments S2,Q1 2019 Patient Payments S3,Q1 2019 Patient Payments S4,Q2 2019 Patient Payments S2,Q2 2019 Patient Payments S3,Q2 2019 Patient Payments S4,Q3 2019 Patient Payments S2,Q3 2019 Patient Payments S3,Q3 2019 Patient Payments S4,Q4 2019 Patient Payments S2,Q4 2019 Patient Payments S3,Q4 2019 Patient Payments S4,Q1 2020 Patient Payments S2,Q1 2020 Patient Payments S3,Q1 2020 Patient Payments S4,Q2 2020 Patient Payments S1,Q2 2020 Patient Payments S2,Q2 2020 Patient Payments S3,Q2 2020 Patient Payments S4,Q3 2020 Patient Payments S1,Q3 2020 Patient Payments S2,Q3 2020 Patient Payments S3,Q3 2020 Patient Payments S4,Q4 2020 Patient Payments S1,Q4 2020 Patient Payments S2,Q4 2020 Patient Payments S3,Q4 2020 Patient Payments S4,Q1 2021 Patient Payments S1,Q1 2021 Patient Payments S2,Q1 2021 Patient Payments S3,Q1 2021 Patient Payments S4,Q1 2019 Remits S2,Q1 2019 Remits S3,Q2 2019 Remits S1,Q2 2019 Remits S3,Q2 2019 Remits S4,Q3 2019 Remits S2,Q3 2019 Remits S3,Q3 2019 Remits S4,Q4 2019 Remits S1,Q4 2019 Remits S2,Q4 2019 Remits S3,Q4 2019 Remits S4,Q1 2020 Remits S2,Q1 2020 Remits S3,Q1 2020 Remits S4,Q2 2020 Remits S1,Q2 2020 Remits S2,Q2 2020 Remits S3,Q2 2020 Remits S4,Q3 2020 Remits S3,Q3 2020 Remits S4,Q4 2020 Remits S1,Q4 2020 Remits S2,Q4 2020 Remits S3,Q4 2020 Remits S4,Q1 2021 Remits S1,Q1 2021 Remits S2,Q1 2021 Remits S3,Q1 2021 Remits S4,Q1 2019 All S1,Q2 2019 All S1,Q3 2019 All S1,Q4 2019 All S1,Q1 2020 All S1,Q2 2020 All S1,Q1 2019 All S2,Q2 2019 All S2,Q3 2019 All S2,Q4 2019 All S2,Q1 2020 AllS2,Q1 2019 All S3,Q2 2019 All S3,Q3 2019 All S3,Q4 2019 All S3,Q1 2020 All S3,Q4 2018 S4,Q2 2019 All S4,Q3 2019 All S4,Q4 2019 All S4,Q1 2020 All S4,Q2 2020 All S1,Q2 2020 All S2,Q2 2020 All S3,Q2 2020 All S4,Q3 2020 All S1,Q3 2020 All S2,Q3 2020 All S3,Q3 2020 All S4,Q4 2020 All S1,Q4 2020 All S2,Q4 2020 All S3,Q4 2020 All S4,Q1 2021 All S1,Q1 2021 All S2,Q1 2021 All S3,Q1 2021 All S4
1.71,0.03,2.23,9.07,,,0.05,2.13,,1.89,13.76,38.76,,0.98,11.26,,0.01,0.77,31,,0.02,,1.8,,0.64,4.07,10.13,0.29,,22.98,0.77,0,1.21,0.36,18.03,0.28,0.95,0.97,0.03,0.86,0.19,0.89,1.01,0.02,0.06,1.97,41.08,7.1,,,20.01,25.92,,,10.99,22.81,0.93,6.78,4.07,,,12.85,,0.23,0.08,0.02,149.93,0.09,0.98,0.78,1.81,0.03,0.89,16.75,0.01,11.09,0.14,56.97,,0.14,9.13,16.14,0.02,4.17,27.25,17.2,9.96,21.84,21.01,,,0.09,3.11,,7.03,,,0.05,26.94,0.38,7.74,7.17,3.83,,8.14,,,3.85,,0.03,,,,4.85,,,0.06,22.9,12.91,,,,,,0.95,3.89,5.23,0.07,5.81,26.99,1.97,22.91,18.82,,48.88,,,4.02,,6.2,19.12,3.12,13.97,,,,4.56,,,,0.02,,13.91,0.96,19.91,,,0.1,,,2.83,2.79,,,1.06,,,,,,,,,,,,6.89,18.6,5.1,3.98,8.68,94.11,23.25,2.94,24.77,0.49,0.35,27.11,0.92,13.86,20.99,20.99,,0.22,28.7,0.07,1.92,,16.95,,11.12,,,2.87,,0.92,0.96,8.1,0.21,6.18,22.29,0.17,0.26,9.15,5.91,42.77,28.14,2,39.13,13.78,,0.1,1.18,5.73,0.74,12.79,11.08,23.2,,5.9,10.27,9.8,,0.79,,5,0,0.12,0.01,1.77,15.86,0.04,0.01,11.92,6.12,0.87,4.12,4.76,0.75,1.06,4.08,,,4.86,0.24,28.09,0.89,,,7,,,3.96,,,0.23,0.01,0.04,0.01,1.97,,0.07,0.21,0.04,0.96,0.11,0.02,0.78,0.19,0.14,39.13,4.03,1.81,0.89,0.03,16.14,0.02,4.17,51.83,0.25,0,10.99,22.81,21.01,0.29,5.9,22.98,0.14,,5.16,0.95,3.89
12.58,0.85,19.01,,,,2.89,1.19,,3.73,11.96,19.86,,4.3,25.04,,0.2,0.77,0.17,,0.88,,1.8,,0.05,2.22,,0.05,,9.04,,,3.17,0.01,,2.85,0.77,0.19,1.55,2.07,3.96,4.15,2.83,2.1,4.14,0.87,45.82,,,,,,,,8.79,33.95,,,13.27,,,0.87,,,0.03,0.35,22,,,0.97,31.79,0.51,3.22,55,,4.96,14.96,21.86,,7.16,18.16,4.08,,12.52,18.73,,2.94,17.7,40.01,,,,,,,,,7,13.98,,14.77,,8.92,,,,,29.12,,1.05,,,,,,,,,,,,,,,,,16.46,6.97,,,,,16.76,,1.86,,,,,,16.18,,,,,,,,,,,,9.89,,,,,0.03,,,2.81,,,,,,,,,,,,,,,,12.03,15.93,,,,,,7.03,,0.36,2,,4.57,,,1.73,,,23.98,,,,20.18,,,,,,,1.97,4.81,25.83,0.87,6.11,15.05,2.77,1.85,61.87,32.02,8.91,51.28,,8.97,5.95,,0.03,,,,8.91,21.69,23.26,,4.8,7.93,,,0.4,,,2.03,0.12,,8.03,29.11,1.07,0.78,,,1.83,3.78,,0.98,0.72,,,,,,18.77,,,,8.97,,,,,,0,0.02,0.03,1.01,8.68,,0.85,0.95,0.38,0.87,41.08,0.36,0.97,0.26,0.06,28.7,5.81,1.97,2.88,1.73,13.78,0.88,2.16,27.25,6.2,0.74,12.79,28.09,23.2,,2.2,3.12,31.21,,12.85,2.87,4.56
,1.12,,,,,1.04,,,,59.96,21.86,,,29.79,,,,0.05,,0.78,,1.97,,,1.92,,,,,,,6.91,2.47,,,1.99,2.04,,4.31,4.31,5.91,,3.92,84.03,,0.76,,,,,,,,2.89,15.91,,,,,,,,,2.39,2.15,10.77,,,1.99,19.78,0.04,3.69,14.04,,0.96,25.09,,,0.13,15.95,28.94,,0.23,15.95,,15.06,0.07,44,,,,,,,,,,23.14,,17.8,,5.94,,,,,15.04,,,,,,,,,,,,,,,,,,,,25.93,,,,,11.35,,0.1,,,,,,,,,,,,,,,,,,6.03,,,,,0.98,,,0.24,,,,,,,,,,,,,,,,,,,,,,,74.06,,,1.49,,,,,1.59,,,16.19,,,,,,,,,,,2.19,3.23,19.18,0.11,20.03,59.13,5.01,2.27,12.77,25.63,25.18,15,,8.92,,,6.64,,,,1.03,18.89,13.54,,,12.92,,,0.08,,,3.06,0.32,,8.16,14.14,,0.94,,,2.78,28.76,,,0.87,,,,,,9.9,,,,0.83,,,,,,0.01,0.09,0.2,2.83,1.24,,0.92,0.87,0.86,0.98,45.82,0.96,0.05,0.01,0.85,1.06,8.1,2.13,1.84,1.59,64.07,2.78,0.1,34.82,17.2,,8.79,7,23.26,,3.77,1.06,26.99,,0.87,,5
,7.89,,,,,6.22,,,,,,,,,,,,31,,0.01,,,,,,,,,,,,6.92,2.26,,,1.86,4.99,,4.98,5.88,21.87,,4.88,73.07,,1.8,,,,,,,,5.04,55.75,,,,,,,,,1.29,1.87,35.74,,,19.24,19.98,0.9,3.96,,,39.05,36.71,,,0.09,34.74,,,3.55,0.82,,3.04,32.02,41.83,,,,,,,,,,16.09,,17.5,,12.01,,,,,,,,,,,,,,,,,,,,,,,,,,,,,,5.99,,3.87,,,,,,,,,,,,,,,,,,,,,,,0.16,,,,,,,,,,,,,,,,,,,,,,,,,,13,,,1.49,,,,,,,,,,,,,,,,,,,3.85,6.95,13.1,0.17,20.98,,,2.96,11.84,16.88,4.09,24.89,,,,,4.06,,,,10.25,4,39.23,,,3.97,,,,,,,1.04,,9.09,,,0.77,,,7.84,,,,,,,,,,9.07,,,,5.08,,,,,,1.71,0.28,1.55,6.12,,,0.03,0.77,0.96,0.02,0.14,0.12,0.35,0.78,0.16,23.98,9.07,1.19,4.15,4.76,4.08,2.01,12.52,18.73,5.73,,0.15,2.83,13.54,,21.74,0.83,13.97,,7.03,,
,,,,,,43.06,,,,,,,,,,,,0.17,,,,,,,,,,,,,,6.02,3.33,,,4.89,4.95,,,9.22,21.85,,5.99,72.18,,,,,,,,,,4.75,6.97,,,,,,,,,3.09,8.86,27.97,,,19.09,25.02,7.82,8.42,,,0.99,48,,,0.18,13.8,,,,27.25,,0.26,0.04,11.93,,,,,,,,,,35.87,,12.95,,21.99,,,,,,,,,,,,,,,,,,,,,,,,,,,,,,34.99,,,,,,,,,,,,,,,,,,,,,,,,,1.71,,,,,,,,,,,,,,,,,,,,,,,,,,22,,,1.44,,,,,,,,,,,,,,,,,,,15.12,5.95,38.02,1.08,14.12,,,1.71,114.83,,24.39,14.75,,,,,,,,,2.12,,5.28,,,0.12,,,,,,,1.96,,32.16,,,2.9,,,,,,,,,,,,,9,,,,0.93,,,,,,12.58,2.85,,,,,0.85,0.11,0.92,0.99,7.16,0.12,0.97,0.94,0.19,48.88,7.77,9.89,5.91,4.75,5.95,1.07,1.23,16.95,0.9,,8.91,2.81,39.23,,,28.96,26.33,,4.85,,
,,,,,,16.84,,,,,,,,,,,,,,,,,,,,,,,,,,14.88,6.88,,,3.81,9.98,,,11.18,,,9.31,92.97,,,,,,,,,,,,,,,,,,,,3.85,7.05,,,,12.93,17.68,,9.23,,,8.24,20.12,,,,12.06,,,,18.73,,3.98,1.99,22.81,,,,,,,,,,,,,,17.99,,,,,,,,,,,,,,,,,,,,,,,,,,,,,,0.09,,,,,,,,,,,,,,,,,,,,,,,,,,,,,,,,,,,,,,,,,,,,,,,,,,,,,,4.88,,,,,,,,,,,,,,,,,,,18.04,7.14,,7.73,11.84,,,3.22,,,2.05,31.72,,,,,,,,,1.8,,,,,,,,,,,,2.21,,120.18,,,1.71,,,,,,,,,,,,,4.94,,,,1.03,,,,,,,,,,,,0.08,0.17,0.03,1.83,8.14,0.32,0.19,0.77,0.09,62.1,149.93,6.03,9.15,9.13,0.07,1.83,0.03,1.8,17.91,,9.96,21.84,9.14,,,4.07,9.8,,0.79,,
,,,,,,14.1,,,,,,,,,,,,,,,,,,,,,,,,,,,5.93,,,3.22,7.86,,,16.15,,,39.01,19.09,,,,,,,,,,,,,,,,,,,,5.21,8.78,,,,18.12,,,35.94,,,1.38,2.89,,,,15.73,,,,15.95,,1.09,21.04,22.01,,,,,,,,,,,,,,35.17,,,,,,,,,,,,,,,,,,,,,,,,,,,,,,7.93,,,,,,,,,,,,,,,,,,,,,,,,,,,,,,,,,,,,,,,,,,,,,,,,,,,,,,,,,,,,,,,,,,,,,,,,,10.05,8.2,,43.85,13.95,,,7.94,,,37.09,4.75,,,,,,,,,4.04,,,,,,,,,,,,22.2,,,,,4.87,,,,,,,,,,,,,16.08,,,,,,,,,,,,,,,,0.03,0.49,0.17,2.1,0.75,0.07,2.04,0.89,0.03,8.97,25.83,15.86,11.92,19.06,28.94,0.1,6.64,20.18,2.37,,2.94,33.95,40.01,,,9.04,21.96,,0.4,,
,,,,,,,,,,,,,,,,,,,,,,,,,,,,,,,,,20.07,,,4.28,9.98,,,38.98,,,36.83,43.89,,,,,,,,,,,,,,,,,,,,17.73,23.79,,,,70.2,,,38.72,,,3.92,26.89,,,,,,,,0.82,,6.08,8.73,2.97,,,,,,,,,,,,,,46.03,,,,,,,,,,,,,,,,,,,,,,,,,,,,,,,,,,,,,,,,,,,,,,,,,,,,,,,,,,,,,,,,,,,,,,,,,,,,,,,,,,,,,,,,,,,,,,,,,,,,,,,11.85,9.87,,,32.86,,,18.19,,,19.2,,,,,,,,,,0.02,,,,,,,,,,,,128.85,,,,,8.86,,,,,,,,,,,,,0.06,,,,,,,,,,,,,,,,0,0.36,0.51,1.38,0.76,0.85,2.89,1.85,2.89,9.13,19.18,29.11,22.91,28.14,4.08,,20.01,4.02,6.02,,15.06,0.24,2.79,,,10.27,5.3,,0.08,,
,,,,,,,,,,,,,,,,,,,,,,,,,,,,,,,,,24.15,,,5.15,6.84,,,49.22,,,,52.91,,,,,,,,,,,,,,,,,,,,,18.07,,,,39.84,,,16.03,,,,21.94,,,,,,,,27.25,,2.97,16.96,4.14,,,,,,,,,,,,,,,,,,,,,,,,,,,,,,,,,,,,,,,,,,,,,,,,,,,,,,,,,,,,,,,,,,,,,,,,,,,,,,,,,,,,,,,,,,,,,,,,,,,,,,,,,,,,,,,,,,,,,,26.95,,,,,,119.96,,,6.73,,,,,,,,,,7.98,,,,,,,,,,,,12.04,,,,,16.86,,,,,,,,,,,,,0.08,,,,,,,,,,,,,,,,2,0.98,0.04,2.78,0.22,0.35,2,2.9,2.05,18.16,16.89,14.14,30.94,51.28,16.14,,0.23,45.04,0.76,,2.89,4.07,10.13,,,7.93,17.18,,3.96,,
,,,,,,,,,,,,,,,,,,,,,,,,,,,,,,,,,62.23,,,8.03,81.79,,,39.34,,,,,,,,,,,,,,,,,,,,,,,,,14.06,,,,23.86,,,24.96,,,,7.19,,,,,,,,18.73,,,27.04,,,,,,,,,,,,,,,,,,,,,,,,,,,,,,,,,,,,,,,,,,,,,,,,,,,,,,,,,,,,,,,,,,,,,,,,,,,,,,,,,,,,,,,,,,,,,,,,,,,,,,,,,,,,,,,,,,,,,,,22.84,,,,,,,,,0.19,,,,,,,,,,,,,,,,,,,,,,21.29,,,,,20.76,,,,,,,,,,,,,9,,,,,,,,,,,,,,,,1.97,0.05,0.9,2,9,0.01,1.49,1.71,2.76,39.13,22,10.07,16.75,56.97,13.78,,3.55,25.92,,,1.03,76.9,44,,,11.98,0.77,,,,
,,,,,,,,,,,,,,,,,,,,,,,,,,,,,,,,,43.89,,,6,99.26,,,71.05,,,,,,,,,,,,,,,,,,,,,,,,,15.91,,,,46.93,,,11.96,,,,6.84,,,,,,,,,,,18.92,,,,,,,,,,,,,,,,,,,,,,,,,,,,,,,,,,,,,,,,,,,,,,,,,,,,,,,,,,,,,,,,,,,,,,,,,,,,,,,,,,,,,,,,,,,,,,,,,,,,,,,,,,,,,,,,,,,,,,,10.11,,,,,,,,,0.03,,,,,,,,,,,,,,,,,,,,,,,,,,,13.84,,,,,,,,,,,,,,,,,,,,,,,,,,,,,1.21,1.99,1.89,3.92,0.98,2.94,1.49,2.27,4.14,15.95,10.77,22.29,38.76,15,64.07,,15.59,6.83,,,10.25,76.8,41.83,,,13.27,12.92,,,,
,,,,,,,,,,,,,,,,,,,,,,,,,,,,,,,,,14.2,,,5.8,32.19,,,33.09,,,,,,,,,,,,,,,,,,,,,,,,,21.97,,,,,,,22.4,,,,32.11,,,,,,,,,,,,,,,,,,,,,,,,,,,,,,,,,,,,,,,,,,,,,,,,,,,,,,,,,,,,,,,,,,,,,,,,,,,,,,,,,,,,,,,,,,,,,,,,,,,,,,,,,,,,,,,,,,,,,,,,,,,,,,,,,,12.11,,,,,,,,,,,,,,,,,,,,,,,,,,,,,,,,,,,,22.11,,,,,,,,,,,,,,,,,,,,,,,,,,,,,2.03,1.86,2.07,4.3,0.77,2.47,1.44,2.96,4.09,1.86,35.74,31.79,19.86,21.86,4.08,,4.06,39.08,,,14.09,76.03,11.93,,,5.08,11.12,,,,
,,,,,,,,,,,,,,,,,,,,,,,,,,,,,,,,,24.05,,,,88.8,,,21.17,,,,,,,,,,,,,,,,,,,,,,,,,19.91,,,,,,,81.95,,,,27.96,,,,,,,,,,,,,,,,,,,,,,,,,,,,,,,,,,,,,,,,,,,,,,,,,,,,,,,,,,,,,,,,,,,,,,,,,,,,,,,,,,,,,,,,,,,,,,,,,,,,,,,,,,,,,,,,,,,,,,,,,,,,,,,,,,20.14,,,,,,,,,,,,,,,,,,,,,,,,,,,,,,,,,,,,,,,,,,,,,,,,,,,,,,,,,,,,,,,,,2.39,1.08,1.07,4.96,0.13,1.04,1.99,1.71,4.12,0.72,27.97,19.78,21.87,24.89,5.95,,14.05,39,,,3.04,41.03,22.81,,,,,,,,
,,,,,,,,,,,,,,,,,,,,,,,,,,,,,,,,,109.88,,,,27.27,,,16.01,,,,,,,,,,,,,,,,,,,,,,,,,17.82,,,,,,,16.67,,,,11.82,,,,,,,,,,,,,,,,,,,,,,,,,,,,,,,,,,,,,,,,,,,,,,,,,,,,,,,,,,,,,,,,,,,,,,,,,,,,,,,,,,,,,,,,,,,,,,,,,,,,,,,,,,,,,,,,,,,,,,,,,,,,,,,,,,15.96,,,,,,,,,,,,,,,,,,,,,,,,,,,,,,,,,,,,,,,,,,,,,,,,,,,,,,,,,,,,,,,,,1.12,4.89,2.77,4.88,0.09,2.07,1.77,3.96,3.83,16.19,24.77,15.05,61.87,14.75,0.07,,1.14,49.12,,,2.12,9.07,0.89,,,,,,,,
,,,,,,,,,,,,,,,,,,,,,,,,,,,,,,,,,11.84,,,,13.86,,,15.9,,,,,,,,,,,,,,,,,,,,,,,,,20.09,,,,,,,,,,,27.12,,,,,,,,,,,,,,,,,,,,,,,,,,,,,,,,,,,,,,,,,,,,,,,,,,,,,,,,,,,,,,,,,,,,,,,,,,,,,,,,,,,,,,,,,,,,,,,,,,,,,,,,,,,,,,,,,,,,,,,,,,,,,,,,,,,,,,,,,,,,,,,,,,,,,,,,,,,,,,,,,,,,,,,,,,,,,,,,,,,,,,,,,,,,,,,,,,,2.22,3.81,4.31,3.92,1.8,2.23,1.04,4.87,3.78,0.1,13.1,19.98,55,31.72,28.94,,0.11,15.95,,,1.8,9,22.11,,,,,,,,
,,,,,,,,,,,,,,,,,,,,,,,,,,,,,,,,,12.05,,,,108.21,,,,,,,,,,,,,,,,,,,,,,,,,,,,18.96,,,,,,,,,,,2.76,,,,,,,,,,,,,,,,,,,,,,,,,,,,,,,,,,,,,,,,,,,,,,,,,,,,,,,,,,,,,,,,,,,,,,,,,,,,,,,,,,,,,,,,,,,,,,,,,,,,,,,,,,,,,,,,,,,,,,,,,,,,,,,,,,,,,,,,,,,,,,,,,,,,,,,,,,,,,,,,,,,,,,,,,,,,,,,,,,,,,,,,,,,,,,,,,,,2.19,4.11,4.98,7.84,,2.26,4.99,3.22,8.91,7.1,38.02,25.02,21.85,,4.08,,0.86,1.18,,,0.26,19.12,22.01,,,,,,,,
,,,,,,,,,,,,,,,,,,,,,,,,,,,,,,,,,70.2,,,,26.14,,,,,,,,,,,,,,,,,,,,,,,,,,,,44.1,,,,,,,,,,,0.85,,,,,,,,,,,,,,,,,,,,,,,,,,,,,,,,,,,,,,,,,,,,,,,,,,,,,,,,,,,,,,,,,,,,,,,,,,,,,,,,,,,,,,,,,,,,,,,,,,,,,,,,,,,,,,,,,,,,,,,,,,,,,,,,,,,,,,,,,,,,,,,,,,,,,,,,,,,,,,,,,,,,,,,,,,,,,,,,,,,,,,,,,,,,,,,,,,,1.29,3.22,3.73,5.99,,2.15,4.95,3.69,8.92,34.74,18.03,23.23,18.79,,16.14,,1.04,0.82,,,3.85,17.7,6.84,,,,,,,,
,,,,,,,,,,,,,,,,,,,,,,,,,,,,,,,,,37.01,,,,14.44,,,,,,,,,,,,,,,,,,,,,,,,,,,,30.77,,,,,,,,,,,0.16,,,,,,,,,,,,,,,,,,,,,,,,,,,,,,,,,,,,,,,,,,,,,,,,,,,,,,,,,,,,,,,,,,,,,,,,,,,,,,,,,,,,,,,,,,,,,,,,,,,,,,,,,,,,,,,,,,,,,,,,,,,,,,,,,,,,,,,,,,,,,,,,,,,,,,,,,,,,,,,,,,,,,,,,,,,,,,,,,,,,,,,,,,,,,,,,,,,3.81,4.28,4.57,9.31,,1.96,4.88,3.22,5.94,0.05,,59.13,12.77,,13.78,,3.15,35.01,,,3.98,4.94,5.28,,,,,,,,
,,,,,,,,,,,,,,,,,,,,,,,,,,,,,,,,,65.96,,,,20.17,,,,,,,,,,,,,,,,,,,,,,,,,,,,14.83,,,,,,,,,,,22.69,,,,,,,,,,,,,,,,,,,,,,,,,,,,,,,,,,,,,,,,,,,,,,,,,,,,,,,,,,,,,,,,,,,,,,,,,,,,,,,,,,,,,,,,,,,,,,,,,,,,,,,,,,,,,,,,,,,,,,,,,,,,,,,,,,,,,,,,,,,,,,,,,,,,,,,,,,,,,,,,,,,,,,,,,,,,,,,,,,,,,,,,,,,,,,,,,,,4.65,5.15,7.82,5.91,,2.21,6.18,3.98,7.19,3.87,,13.91,11.84,,64.07,,0.03,34,,,1.09,15.91,2.97,,,,,,,,
,,,,,,,,,,,,,,,,,,,,,,,,,,,,,,,,,11.86,,,,57.1,,,,,,,,,,,,,,,,,,,,,,,,,,,,,,,,,,,,,,,37.99,,,,,,,,,,,,,,,,,,,,,,,,,,,,,,,,,,,,,,,,,,,,,,,,,,,,,,,,,,,,,,,,,,,,,,,,,,,,,,,,,,,,,,,,,,,,,,,,,,,,,,,,,,,,,,,,,,,,,,,,,,,,,,,,,,,,,,,,,,,,,,,,,,,,,,,,,,,,,,,,,,,,,,,,,,,,,,,,,,,,,,,,,,,,,,,,,,,3.85,8.03,5.1,7.17,,1.87,8.03,3.96,6.84,25.26,,39.98,14.04,,4.08,,11.89,31.18,,,6.08,18.97,4.14,,,,,,,,
,,,,,,,,,,,,,,,,,,,,,,,,,,,,,,,,,198.91,,,,27.94,,,,,,,,,,,,,,,,,,,,,,,,,,,,,,,,,,,,,,,14.1,,,,,,,,,,,,,,,,,,,,,,,,,,,,,,,,,,,,,,,,,,,,,,,,,,,,,,,,,,,,,,,,,,,,,,,,,,,,,,,,,,,,,,,,,,,,,,,,,,,,,,,,,,,,,,,,,,,,,,,,,,,,,,,,,,,,,,,,,,,,,,,,,,,,,,,,,,,,,,,,,,,,,,,,,,,,,,,,,,,,,,,,,,,,,,,,,,,3.09,6,5.01,8.24,,4.81,8.16,4.31,5.99,31,,27.11,16.9,,5.95,,0.98,1.97,,,0.64,13.7,,,,,,,,,
,,,,,,,,,,,,,,,,,,,,,,,,,,,,,,,,,73.08,,,,28.04,,,,,,,,,,,,,,,,,,,,,,,,,,,,,,,,,,,,,,,20.04,,,,,,,,,,,,,,,,,,,,,,,,,,,,,,,,,,,,,,,,,,,,,,,,,,,,,,,,,,,,,,,,,,,,,,,,,,,,,,,,,,,,,,,,,,,,,,,,,,,,,,,,,,,,,,,,,,,,,,,,,,,,,,,,,,,,,,,,,,,,,,,,,,,,,,,,,,,,,,,,,,,,,,,,,,,,,,,,,,,,,,,,,,,,,,,,,,,3.85,7.73,,39.01,,3.23,9.98,5.88,6.73,13.8,,17.68,20.99,,0.07,,0.63,30.13,,,2.97,0.07,,,,,,,,,
,,,,,,,,,,,,,,,,,,,,,,,,,,,,,,,,,62,,,,60.04,,,,,,,,,,,,,,,,,,,,,,,,,,,,,,,,,,,,,,,,,,,,,,,,,,,,,,,,,,,,,,,,,,,,,,,,,,,,,,,,,,,,,,,,,,,,,,,,,,,,,,,,,,,,,,,,,,,,,,,,,,,,,,,,,,,,,,,,,,,,,,,,,,,,,,,,,,,,,,,,,,,,,,,,,,,,,,,,,,,,,,,,,,,,,,,,,,,,,,,,,,,,,,,,,,,,,,,,,,,,,,,,,,,,,,,,,,3.17,5.8,,11.09,,3.33,7.86,9.22,7.93,12.06,,,21.01,,28.94,,0.16,4.86,,,4.04,55.75,,,,,,,,,
,,,,,,,,,,,,,,,,,,,,,,,,,,,,,,,,,,,,,32.06,,,,,,,,,,,,,,,,,,,,,,,,,,,,,,,,,,,,,,,,,,,,,,,,,,,,,,,,,,,,,,,,,,,,,,,,,,,,,,,,,,,,,,,,,,,,,,,,,,,,,,,,,,,,,,,,,,,,,,,,,,,,,,,,,,,,,,,,,,,,,,,,,,,,,,,,,,,,,,,,,,,,,,,,,,,,,,,,,,,,,,,,,,,,,,,,,,,,,,,,,,,,,,,,,,,,,,,,,,,,,,,,,,,,,,,,,,3.06,7,,32.02,,6.95,9.09,8.86,14.96,8.92,,,114.83,,4.08,,2.92,17.97,,,29.12,32.02,,,,,,,,,
,,,,,,,,,,,,,,,,,,,,,,,,,,,,,,,,,,,,,,,,,,,,,,,,,,,,,,,,,,,,,,,,,,,,,,,,,,,,,,,,,,,,,,,,,,,,,,,,,,,,,,,,,,,,,,,,,,,,,,,,,,,,,,,,,,,,,,,,,,,,,,,,,,,,,,,,,,,,,,,,,,,,,,,,,,,,,,,,,,,,,,,,,,,,,,,,,,,,,,,,,,,,,,,,,,,,,,,,,,,,,,,,,,,,,,,,,,,,,,,,,,,,,,,,,,,,,,,,,,,,,,,,,,,,,,,6.91,43.85,,25.63,,5.95,6.11,7.94,25.09,0.87,,,21.86,,16.14,,1.71,1.98,,,1.01,16.08,,,,,,,,,
,,,,,,,,,,,,,,,,,,,,,,,,,,,,,,,,,,,,,,,,,,,,,,,,,,,,,,,,,,,,,,,,,,,,,,,,,,,,,,,,,,,,,,,,,,,,,,,,,,,,,,,,,,,,,,,,,,,,,,,,,,,,,,,,,,,,,,,,,,,,,,,,,,,,,,,,,,,,,,,,,,,,,,,,,,,,,,,,,,,,,,,,,,,,,,,,,,,,,,,,,,,,,,,,,,,,,,,,,,,,,,,,,,,,,,,,,,,,,,,,,,,,,,,,,,,,,,,,,,,,,,,,,,,,,,,7.89,,,16.88,,8.86,6.22,7.83,42.77,17.85,,,33.05,,,,0.28,15.24,,,0.02,0.06,,,,,,,,,
,,,,,,,,,,,,,,,,,,,,,,,,,,,,,,,,,,,,,,,,,,,,,,,,,,,,,,,,,,,,,,,,,,,,,,,,,,,,,,,,,,,,,,,,,,,,,,,,,,,,,,,,,,,,,,,,,,,,,,,,,,,,,,,,,,,,,,,,,,,,,,,,,,,,,,,,,,,,,,,,,,,,,,,,,,,,,,,,,,,,,,,,,,,,,,,,,,,,,,,,,,,,,,,,,,,,,,,,,,,,,,,,,,,,,,,,,,,,,,,,,,,,,,,,,,,,,,,,,,,,,,,,,,,,,,,5.21,,,39.05,,7.14,9.98,7.74,36.71,15.73,,,26.36,,,,,13.02,,,5.04,0.04,,,,,,,,,
,,,,,,,,,,,,,,,,,,,,,,,,,,,,,,,,,,,,,,,,,,,,,,,,,,,,,,,,,,,,,,,,,,,,,,,,,,,,,,,,,,,,,,,,,,,,,,,,,,,,,,,,,,,,,,,,,,,,,,,,,,,,,,,,,,,,,,,,,,,,,,,,,,,,,,,,,,,,,,,,,,,,,,,,,,,,,,,,,,,,,,,,,,,,,,,,,,,,,,,,,,,,,,,,,,,,,,,,,,,,,,,,,,,,,,,,,,,,,,,,,,,,,,,,,,,,,,,,,,,,,,,,,,,,,,,9.78,,,36.83,,7.03,6.84,8.42,84.03,,,,,,,,,13.82,,,7.98,1.99,,,,,,,,,
,,,,,,,,,,,,,,,,,,,,,,,,,,,,,,,,,,,,,,,,,,,,,,,,,,,,,,,,,,,,,,,,,,,,,,,,,,,,,,,,,,,,,,,,,,,,,,,,,,,,,,,,,,,,,,,,,,,,,,,,,,,,,,,,,,,,,,,,,,,,,,,,,,,,,,,,,,,,,,,,,,,,,,,,,,,,,,,,,,,,,,,,,,,,,,,,,,,,,,,,,,,,,,,,,,,,,,,,,,,,,,,,,,,,,,,,,,,,,,,,,,,,,,,,,,,,,,,,,,,,,,,,,,,,,,,6.92,,,,,7.05,81.79,9.23,73.07,,,,,,,,,3.03,,,0.05,6.97,,,,,,,,,
,,,,,,,,,,,,,,,,,,,,,,,,,,,,,,,,,,,,,,,,,,,,,,,,,,,,,,,,,,,,,,,,,,,,,,,,,,,,,,,,,,,,,,,,,,,,,,,,,,,,,,,,,,,,,,,,,,,,,,,,,,,,,,,,,,,,,,,,,,,,,,,,,,,,,,,,,,,,,,,,,,,,,,,,,,,,,,,,,,,,,,,,,,,,,,,,,,,,,,,,,,,,,,,,,,,,,,,,,,,,,,,,,,,,,,,,,,,,,,,,,,,,,,,,,,,,,,,,,,,,,,,,,,,,,,,6.02,,,,,6.97,19.24,16.86,25.18,,,,,,,,,5.92,,,15.04,0.08,,,,,,,,,
,,,,,,,,,,,,,,,,,,,,,,,,,,,,,,,,,,,,,,,,,,,,,,,,,,,,,,,,,,,,,,,,,,,,,,,,,,,,,,,,,,,,,,,,,,,,,,,,,,,,,,,,,,,,,,,,,,,,,,,,,,,,,,,,,,,,,,,,,,,,,,,,,,,,,,,,,,,,,,,,,,,,,,,,,,,,,,,,,,,,,,,,,,,,,,,,,,,,,,,,,,,,,,,,,,,,,,,,,,,,,,,,,,,,,,,,,,,,,,,,,,,,,,,,,,,,,,,,,,,,,,,,,,,,,,,15.12,,,,,8.78,26.94,35.94,48,,,,,,,,,,,,4.75,21.04,,,,,,,,,
,,,,,,,,,,,,,,,,,,,,,,,,,,,,,,,,,,,,,,,,,,,,,,,,,,,,,,,,,,,,,,,,,,,,,,,,,,,,,,,,,,,,,,,,,,,,,,,,,,,,,,,,,,,,,,,,,,,,,,,,,,,,,,,,,,,,,,,,,,,,,,,,,,,,,,,,,,,,,,,,,,,,,,,,,,,,,,,,,,,,,,,,,,,,,,,,,,,,,,,,,,,,,,,,,,,,,,,,,,,,,,,,,,,,,,,,,,,,,,,,,,,,,,,,,,,,,,,,,,,,,,,,,,,,,,,18.04,,,,,6.88,19.09,11.18,72.18,,,,,,,,,,,,,11.08,,,,,,,,,
,,,,,,,,,,,,,,,,,,,,,,,,,,,,,,,,,,,,,,,,,,,,,,,,,,,,,,,,,,,,,,,,,,,,,,,,,,,,,,,,,,,,,,,,,,,,,,,,,,,,,,,,,,,,,,,,,,,,,,,,,,,,,,,,,,,,,,,,,,,,,,,,,,,,,,,,,,,,,,,,,,,,,,,,,,,,,,,,,,,,,,,,,,,,,,,,,,,,,,,,,,,,,,,,,,,,,,,,,,,,,,,,,,,,,,,,,,,,,,,,,,,,,,,,,,,,,,,,,,,,,,,,,,,,,,,14.88,,,,,8.2,13.98,16.15,20.12,,,,,,,,,,,,,21.69,,,,,,,,,
,,,,,,,,,,,,,,,,,,,,,,,,,,,,,,,,,,,,,,,,,,,,,,,,,,,,,,,,,,,,,,,,,,,,,,,,,,,,,,,,,,,,,,,,,,,,,,,,,,,,,,,,,,,,,,,,,,,,,,,,,,,,,,,,,,,,,,,,,,,,,,,,,,,,,,,,,,,,,,,,,,,,,,,,,,,,,,,,,,,,,,,,,,,,,,,,,,,,,,,,,,,,,,,,,,,,,,,,,,,,,,,,,,,,,,,,,,,,,,,,,,,,,,,,,,,,,,,,,,,,,,,,,,,,,,,10.05,,,,,5.93,20.03,18.19,24.39,,,,,,,,,,,,,8.73,,,,,,,,,
,,,,,,,,,,,,,,,,,,,,,,,,,,,,,,,,,,,,,,,,,,,,,,,,,,,,,,,,,,,,,,,,,,,,,,,,,,,,,,,,,,,,,,,,,,,,,,,,,,,,,,,,,,,,,,,,,,,,,,,,,,,,,,,,,,,,,,,,,,,,,,,,,,,,,,,,,,,,,,,,,,,,,,,,,,,,,,,,,,,,,,,,,,,,,,,,,,,,,,,,,,,,,,,,,,,,,,,,,,,,,,,,,,,,,,,,,,,,,,,,,,,,,,,,,,,,,,,,,,,,,,,,,,,,,,,17.73,,,,,9.87,12.93,38.98,18.82,,,,,,,,,,,,,18.89,,,,,,,,,
,,,,,,,,,,,,,,,,,,,,,,,,,,,,,,,,,,,,,,,,,,,,,,,,,,,,,,,,,,,,,,,,,,,,,,,,,,,,,,,,,,,,,,,,,,,,,,,,,,,,,,,,,,,,,,,,,,,,,,,,,,,,,,,,,,,,,,,,,,,,,,,,,,,,,,,,,,,,,,,,,,,,,,,,,,,,,,,,,,,,,,,,,,,,,,,,,,,,,,,,,,,,,,,,,,,,,,,,,,,,,,,,,,,,,,,,,,,,,,,,,,,,,,,,,,,,,,,,,,,,,,,,,,,,,,,11.85,,,,,20.07,99.26,49.22,26.89,,,,,,,,,,,,,3.1,,,,,,,,,
,,,,,,,,,,,,,,,,,,,,,,,,,,,,,,,,,,,,,,,,,,,,,,,,,,,,,,,,,,,,,,,,,,,,,,,,,,,,,,,,,,,,,,,,,,,,,,,,,,,,,,,,,,,,,,,,,,,,,,,,,,,,,,,,,,,,,,,,,,,,,,,,,,,,,,,,,,,,,,,,,,,,,,,,,,,,,,,,,,,,,,,,,,,,,,,,,,,,,,,,,,,,,,,,,,,,,,,,,,,,,,,,,,,,,,,,,,,,,,,,,,,,,,,,,,,,,,,,,,,,,,,,,,,,,,,,,,,,23.79,32.16,14.77,92.97,,,,,,,,,,,,,16.96,,,,,,,,,
,,,,,,,,,,,,,,,,,,,,,,,,,,,,,,,,,,,,,,,,,,,,,,,,,,,,,,,,,,,,,,,,,,,,,,,,,,,,,,,,,,,,,,,,,,,,,,,,,,,,,,,,,,,,,,,,,,,,,,,,,,,,,,,,,,,,,,,,,,,,,,,,,,,,,,,,,,,,,,,,,,,,,,,,,,,,,,,,,,,,,,,,,,,,,,,,,,,,,,,,,,,,,,,,,,,,,,,,,,,,,,,,,,,,,,,,,,,,,,,,,,,,,,,,,,,,,,,,,,,,,,,,,,,,,,,,,,,,18.07,20.98,13.86,21.94,,,,,,,,,,,,,2.22,,,,,,,,,
,,,,,,,,,,,,,,,,,,,,,,,,,,,,,,,,,,,,,,,,,,,,,,,,,,,,,,,,,,,,,,,,,,,,,,,,,,,,,,,,,,,,,,,,,,,,,,,,,,,,,,,,,,,,,,,,,,,,,,,,,,,,,,,,,,,,,,,,,,,,,,,,,,,,,,,,,,,,,,,,,,,,,,,,,,,,,,,,,,,,,,,,,,,,,,,,,,,,,,,,,,,,,,,,,,,,,,,,,,,,,,,,,,,,,,,,,,,,,,,,,,,,,,,,,,,,,,,,,,,,,,,,,,,,,,,,,,,,21.65,120.18,39.34,11.26,,,,,,,,,,,,,9,,,,,,,,,
,,,,,,,,,,,,,,,,,,,,,,,,,,,,,,,,,,,,,,,,,,,,,,,,,,,,,,,,,,,,,,,,,,,,,,,,,,,,,,,,,,,,,,,,,,,,,,,,,,,,,,,,,,,,,,,,,,,,,,,,,,,,,,,,,,,,,,,,,,,,,,,,,,,,,,,,,,,,,,,,,,,,,,,,,,,,,,,,,,,,,,,,,,,,,,,,,,,,,,,,,,,,,,,,,,,,,,,,,,,,,,,,,,,,,,,,,,,,,,,,,,,,,,,,,,,,,,,,,,,,,,,,,,,,,,,,,,,,24.15,32.19,71.05,19.91,,,,,,,,,,,,,16.18,,,,,,,,,
,,,,,,,,,,,,,,,,,,,,,,,,,,,,,,,,,,,,,,,,,,,,,,,,,,,,,,,,,,,,,,,,,,,,,,,,,,,,,,,,,,,,,,,,,,,,,,,,,,,,,,,,,,,,,,,,,,,,,,,,,,,,,,,,,,,,,,,,,,,,,,,,,,,,,,,,,,,,,,,,,,,,,,,,,,,,,,,,,,,,,,,,,,,,,,,,,,,,,,,,,,,,,,,,,,,,,,,,,,,,,,,,,,,,,,,,,,,,,,,,,,,,,,,,,,,,,,,,,,,,,,,,,,,,,,,,,,,,14.06,88.8,20.76,16.76,,,,,,,,,,,,,8.97,,,,,,,,,
,,,,,,,,,,,,,,,,,,,,,,,,,,,,,,,,,,,,,,,,,,,,,,,,,,,,,,,,,,,,,,,,,,,,,,,,,,,,,,,,,,,,,,,,,,,,,,,,,,,,,,,,,,,,,,,,,,,,,,,,,,,,,,,,,,,,,,,,,,,,,,,,,,,,,,,,,,,,,,,,,,,,,,,,,,,,,,,,,,,,,,,,,,,,,,,,,,,,,,,,,,,,,,,,,,,,,,,,,,,,,,,,,,,,,,,,,,,,,,,,,,,,,,,,,,,,,,,,,,,,,,,,,,,,,,,,,,,,14.84,14.12,38.72,25.04,,,,,,,,,,,,,0.07,,,,,,,,,
,,,,,,,,,,,,,,,,,,,,,,,,,,,,,,,,,,,,,,,,,,,,,,,,,,,,,,,,,,,,,,,,,,,,,,,,,,,,,,,,,,,,,,,,,,,,,,,,,,,,,,,,,,,,,,,,,,,,,,,,,,,,,,,,,,,,,,,,,,,,,,,,,,,,,,,,,,,,,,,,,,,,,,,,,,,,,,,,,,,,,,,,,,,,,,,,,,,,,,,,,,,,,,,,,,,,,,,,,,,,,,,,,,,,,,,,,,,,,,,,,,,,,,,,,,,,,,,,,,,,,,,,,,,,,,,,,,,,62.23,27.27,13.76,32.11,,,,,,,,,,,,,27.04,,,,,,,,,
,,,,,,,,,,,,,,,,,,,,,,,,,,,,,,,,,,,,,,,,,,,,,,,,,,,,,,,,,,,,,,,,,,,,,,,,,,,,,,,,,,,,,,,,,,,,,,,,,,,,,,,,,,,,,,,,,,,,,,,,,,,,,,,,,,,,,,,,,,,,,,,,,,,,,,,,,,,,,,,,,,,,,,,,,,,,,,,,,,,,,,,,,,,,,,,,,,,,,,,,,,,,,,,,,,,,,,,,,,,,,,,,,,,,,,,,,,,,,,,,,,,,,,,,,,,,,,,,,,,,,,,,,,,,,,,,,,,,74.06,13.86,33.09,27.96,,,,,,,,,,,,,18.92,,,,,,,,,
,,,,,,,,,,,,,,,,,,,,,,,,,,,,,,,,,,,,,,,,,,,,,,,,,,,,,,,,,,,,,,,,,,,,,,,,,,,,,,,,,,,,,,,,,,,,,,,,,,,,,,,,,,,,,,,,,,,,,,,,,,,,,,,,,,,,,,,,,,,,,,,,,,,,,,,,,,,,,,,,,,,,,,,,,,,,,,,,,,,,,,,,,,,,,,,,,,,,,,,,,,,,,,,,,,,,,,,,,,,,,,,,,,,,,,,,,,,,,,,,,,,,,,,,,,,,,,,,,,,,,,,,,,,,,,,,,,,,43.89,108.21,11.96,37.09,,,,,,,,,,,,,4,,,,,,,,,
,,,,,,,,,,,,,,,,,,,,,,,,,,,,,,,,,,,,,,,,,,,,,,,,,,,,,,,,,,,,,,,,,,,,,,,,,,,,,,,,,,,,,,,,,,,,,,,,,,,,,,,,,,,,,,,,,,,,,,,,,,,,,,,,,,,,,,,,,,,,,,,,,,,,,,,,,,,,,,,,,,,,,,,,,,,,,,,,,,,,,,,,,,,,,,,,,,,,,,,,,,,,,,,,,,,,,,,,,,,,,,,,,,,,,,,,,,,,,,,,,,,,,,,,,,,,,,,,,,,,,,,,,,,,,,,,,,,,13,23.14,13.84,19.2,,,,,,,,,,,,,1.92,,,,,,,,,
,,,,,,,,,,,,,,,,,,,,,,,,,,,,,,,,,,,,,,,,,,,,,,,,,,,,,,,,,,,,,,,,,,,,,,,,,,,,,,,,,,,,,,,,,,,,,,,,,,,,,,,,,,,,,,,,,,,,,,,,,,,,,,,,,,,,,,,,,,,,,,,,,,,,,,,,,,,,,,,,,,,,,,,,,,,,,,,,,,,,,,,,,,,,,,,,,,,,,,,,,,,,,,,,,,,,,,,,,,,,,,,,,,,,,,,,,,,,,,,,,,,,,,,,,,,,,,,,,,,,,,,,,,,,,,,,,,,,14.2,26.99,21.17,12.01,,,,,,,,,,,,,,,,,,,,,,
,,,,,,,,,,,,,,,,,,,,,,,,,,,,,,,,,,,,,,,,,,,,,,,,,,,,,,,,,,,,,,,,,,,,,,,,,,,,,,,,,,,,,,,,,,,,,,,,,,,,,,,,,,,,,,,,,,,,,,,,,,,,,,,,,,,,,,,,,,,,,,,,,,,,,,,,,,,,,,,,,,,,,,,,,,,,,,,,,,,,,,,,,,,,,,,,,,,,,,,,,,,,,,,,,,,,,,,,,,,,,,,,,,,,,,,,,,,,,,,,,,,,,,,,,,,,,,,,,,,,,,,,,,,,,,,,,,,,28.92,11.84,16.03,11.82,,,,,,,,,,,,,,,,,,,,,,
,,,,,,,,,,,,,,,,,,,,,,,,,,,,,,,,,,,,,,,,,,,,,,,,,,,,,,,,,,,,,,,,,,,,,,,,,,,,,,,,,,,,,,,,,,,,,,,,,,,,,,,,,,,,,,,,,,,,,,,,,,,,,,,,,,,,,,,,,,,,,,,,,,,,,,,,,,,,,,,,,,,,,,,,,,,,,,,,,,,,,,,,,,,,,,,,,,,,,,,,,,,,,,,,,,,,,,,,,,,,,,,,,,,,,,,,,,,,,,,,,,,,,,,,,,,,,,,,,,,,,,,,,,,,,,,,,,,,15.91,43.06,24.96,11.35,,,,,,,,,,,,,,,,,,,,,,
,,,,,,,,,,,,,,,,,,,,,,,,,,,,,,,,,,,,,,,,,,,,,,,,,,,,,,,,,,,,,,,,,,,,,,,,,,,,,,,,,,,,,,,,,,,,,,,,,,,,,,,,,,,,,,,,,,,,,,,,,,,,,,,,,,,,,,,,,,,,,,,,,,,,,,,,,,,,,,,,,,,,,,,,,,,,,,,,,,,,,,,,,,,,,,,,,,,,,,,,,,,,,,,,,,,,,,,,,,,,,,,,,,,,,,,,,,,,,,,,,,,,,,,,,,,,,,,,,,,,,,,,,,,,,,,,,,,,22.2,18.12,59.96,27.12,,,,,,,,,,,,,,,,,,,,,,
,,,,,,,,,,,,,,,,,,,,,,,,,,,,,,,,,,,,,,,,,,,,,,,,,,,,,,,,,,,,,,,,,,,,,,,,,,,,,,,,,,,,,,,,,,,,,,,,,,,,,,,,,,,,,,,,,,,,,,,,,,,,,,,,,,,,,,,,,,,,,,,,,,,,,,,,,,,,,,,,,,,,,,,,,,,,,,,,,,,,,,,,,,,,,,,,,,,,,,,,,,,,,,,,,,,,,,,,,,,,,,,,,,,,,,,,,,,,,,,,,,,,,,,,,,,,,,,,,,,,,,,,,,,,,,,,,,,,26.95,11.05,22.11,19.09,,,,,,,,,,,,,,,,,,,,,,
,,,,,,,,,,,,,,,,,,,,,,,,,,,,,,,,,,,,,,,,,,,,,,,,,,,,,,,,,,,,,,,,,,,,,,,,,,,,,,,,,,,,,,,,,,,,,,,,,,,,,,,,,,,,,,,,,,,,,,,,,,,,,,,,,,,,,,,,,,,,,,,,,,,,,,,,,,,,,,,,,,,,,,,,,,,,,,,,,,,,,,,,,,,,,,,,,,,,,,,,,,,,,,,,,,,,,,,,,,,,,,,,,,,,,,,,,,,,,,,,,,,,,,,,,,,,,,,,,,,,,,,,,,,,,,,,,,,,37.94,26.14,16.01,23.99,,,,,,,,,,,,,,,,,,,,,,
,,,,,,,,,,,,,,,,,,,,,,,,,,,,,,,,,,,,,,,,,,,,,,,,,,,,,,,,,,,,,,,,,,,,,,,,,,,,,,,,,,,,,,,,,,,,,,,,,,,,,,,,,,,,,,,,,,,,,,,,,,,,,,,,,,,,,,,,,,,,,,,,,,,,,,,,,,,,,,,,,,,,,,,,,,,,,,,,,,,,,,,,,,,,,,,,,,,,,,,,,,,,,,,,,,,,,,,,,,,,,,,,,,,,,,,,,,,,,,,,,,,,,,,,,,,,,,,,,,,,,,,,,,,,,,,,,,,,21.97,70.2,15.9,43.89,,,,,,,,,,,,,,,,,,,,,,
,,,,,,,,,,,,,,,,,,,,,,,,,,,,,,,,,,,,,,,,,,,,,,,,,,,,,,,,,,,,,,,,,,,,,,,,,,,,,,,,,,,,,,,,,,,,,,,,,,,,,,,,,,,,,,,,,,,,,,,,,,,,,,,,,,,,,,,,,,,,,,,,,,,,,,,,,,,,,,,,,,,,,,,,,,,,,,,,,,,,,,,,,,,,,,,,,,,,,,,,,,,,,,,,,,,,,,,,,,,,,,,,,,,,,,,,,,,,,,,,,,,,,,,,,,,,,,,,,,,,,,,,,,,,,,,,,,,,24.05,39.84,11.96,28.76,,,,,,,,,,,,,,,,,,,,,,
,,,,,,,,,,,,,,,,,,,,,,,,,,,,,,,,,,,,,,,,,,,,,,,,,,,,,,,,,,,,,,,,,,,,,,,,,,,,,,,,,,,,,,,,,,,,,,,,,,,,,,,,,,,,,,,,,,,,,,,,,,,,,,,,,,,,,,,,,,,,,,,,,,,,,,,,,,,,,,,,,,,,,,,,,,,,,,,,,,,,,,,,,,,,,,,,,,,,,,,,,,,,,,,,,,,,,,,,,,,,,,,,,,,,,,,,,,,,,,,,,,,,,,,,,,,,,,,,,,,,,,,,,,,,,,,,,,,,25.93,14.44,119.96,21.99,,,,,,,,,,,,,,,,,,,,,,
,,,,,,,,,,,,,,,,,,,,,,,,,,,,,,,,,,,,,,,,,,,,,,,,,,,,,,,,,,,,,,,,,,,,,,,,,,,,,,,,,,,,,,,,,,,,,,,,,,,,,,,,,,,,,,,,,,,,,,,,,,,,,,,,,,,,,,,,,,,,,,,,,,,,,,,,,,,,,,,,,,,,,,,,,,,,,,,,,,,,,,,,,,,,,,,,,,,,,,,,,,,,,,,,,,,,,,,,,,,,,,,,,,,,,,,,,,,,,,,,,,,,,,,,,,,,,,,,,,,,,,,,,,,,,,,,,,,,22,43.06,22.4,22.69,,,,,,,,,,,,,,,,,,,,,,
,,,,,,,,,,,,,,,,,,,,,,,,,,,,,,,,,,,,,,,,,,,,,,,,,,,,,,,,,,,,,,,,,,,,,,,,,,,,,,,,,,,,,,,,,,,,,,,,,,,,,,,,,,,,,,,,,,,,,,,,,,,,,,,,,,,,,,,,,,,,,,,,,,,,,,,,,,,,,,,,,,,,,,,,,,,,,,,,,,,,,,,,,,,,,,,,,,,,,,,,,,,,,,,,,,,,,,,,,,,,,,,,,,,,,,,,,,,,,,,,,,,,,,,,,,,,,,,,,,,,,,,,,,,,,,,,,,,,19.91,20.17,17.8,52.91,,,,,,,,,,,,,,,,,,,,,,
,,,,,,,,,,,,,,,,,,,,,,,,,,,,,,,,,,,,,,,,,,,,,,,,,,,,,,,,,,,,,,,,,,,,,,,,,,,,,,,,,,,,,,,,,,,,,,,,,,,,,,,,,,,,,,,,,,,,,,,,,,,,,,,,,,,,,,,,,,,,,,,,,,,,,,,,,,,,,,,,,,,,,,,,,,,,,,,,,,,,,,,,,,,,,,,,,,,,,,,,,,,,,,,,,,,,,,,,,,,,,,,,,,,,,,,,,,,,,,,,,,,,,,,,,,,,,,,,,,,,,,,,,,,,,,,,,,,,109.88,57.1,81.95,34.99,,,,,,,,,,,,,,,,,,,,,,
,,,,,,,,,,,,,,,,,,,,,,,,,,,,,,,,,,,,,,,,,,,,,,,,,,,,,,,,,,,,,,,,,,,,,,,,,,,,,,,,,,,,,,,,,,,,,,,,,,,,,,,,,,,,,,,,,,,,,,,,,,,,,,,,,,,,,,,,,,,,,,,,,,,,,,,,,,,,,,,,,,,,,,,,,,,,,,,,,,,,,,,,,,,,,,,,,,,,,,,,,,,,,,,,,,,,,,,,,,,,,,,,,,,,,,,,,,,,,,,,,,,,,,,,,,,,,,,,,,,,,,,,,,,,,,,,,,,,17.82,23.86,17.5,17.99,,,,,,,,,,,,,,,,,,,,,,
,,,,,,,,,,,,,,,,,,,,,,,,,,,,,,,,,,,,,,,,,,,,,,,,,,,,,,,,,,,,,,,,,,,,,,,,,,,,,,,,,,,,,,,,,,,,,,,,,,,,,,,,,,,,,,,,,,,,,,,,,,,,,,,,,,,,,,,,,,,,,,,,,,,,,,,,,,,,,,,,,,,,,,,,,,,,,,,,,,,,,,,,,,,,,,,,,,,,,,,,,,,,,,,,,,,,,,,,,,,,,,,,,,,,,,,,,,,,,,,,,,,,,,,,,,,,,,,,,,,,,,,,,,,,,,,,,,,,14.78,13.14,16.67,35.17,,,,,,,,,,,,,,,,,,,,,,
,,,,,,,,,,,,,,,,,,,,,,,,,,,,,,,,,,,,,,,,,,,,,,,,,,,,,,,,,,,,,,,,,,,,,,,,,,,,,,,,,,,,,,,,,,,,,,,,,,,,,,,,,,,,,,,,,,,,,,,,,,,,,,,,,,,,,,,,,,,,,,,,,,,,,,,,,,,,,,,,,,,,,,,,,,,,,,,,,,,,,,,,,,,,,,,,,,,,,,,,,,,,,,,,,,,,,,,,,,,,,,,,,,,,,,,,,,,,,,,,,,,,,,,,,,,,,,,,,,,,,,,,,,,,,,,,,,,,22.84,16.84,12.95,29.79,,,,,,,,,,,,,,,,,,,,,,
,,,,,,,,,,,,,,,,,,,,,,,,,,,,,,,,,,,,,,,,,,,,,,,,,,,,,,,,,,,,,,,,,,,,,,,,,,,,,,,,,,,,,,,,,,,,,,,,,,,,,,,,,,,,,,,,,,,,,,,,,,,,,,,,,,,,,,,,,,,,,,,,,,,,,,,,,,,,,,,,,,,,,,,,,,,,,,,,,,,,,,,,,,,,,,,,,,,,,,,,,,,,,,,,,,,,,,,,,,,,,,,,,,,,,,,,,,,,,,,,,,,,,,,,,,,,,,,,,,,,,,,,,,,,,,,,,,,,49.82,13.95,,46.03,,,,,,,,,,,,,,,,,,,,,,
,,,,,,,,,,,,,,,,,,,,,,,,,,,,,,,,,,,,,,,,,,,,,,,,,,,,,,,,,,,,,,,,,,,,,,,,,,,,,,,,,,,,,,,,,,,,,,,,,,,,,,,,,,,,,,,,,,,,,,,,,,,,,,,,,,,,,,,,,,,,,,,,,,,,,,,,,,,,,,,,,,,,,,,,,,,,,,,,,,,,,,,,,,,,,,,,,,,,,,,,,,,,,,,,,,,,,,,,,,,,,,,,,,,,,,,,,,,,,,,,,,,,,,,,,,,,,,,,,,,,,,,,,,,,,,,,,,,,49.85,27.94,,37.99,,,,,,,,,,,,,,,,,,,,,,
,,,,,,,,,,,,,,,,,,,,,,,,,,,,,,,,,,,,,,,,,,,,,,,,,,,,,,,,,,,,,,,,,,,,,,,,,,,,,,,,,,,,,,,,,,,,,,,,,,,,,,,,,,,,,,,,,,,,,,,,,,,,,,,,,,,,,,,,,,,,,,,,,,,,,,,,,,,,,,,,,,,,,,,,,,,,,,,,,,,,,,,,,,,,,,,,,,,,,,,,,,,,,,,,,,,,,,,,,,,,,,,,,,,,,,,,,,,,,,,,,,,,,,,,,,,,,,,,,,,,,,,,,,,,,,,,,,,,11.84,46.93,,14.1,,,,,,,,,,,,,,,,,,,,,,
,,,,,,,,,,,,,,,,,,,,,,,,,,,,,,,,,,,,,,,,,,,,,,,,,,,,,,,,,,,,,,,,,,,,,,,,,,,,,,,,,,,,,,,,,,,,,,,,,,,,,,,,,,,,,,,,,,,,,,,,,,,,,,,,,,,,,,,,,,,,,,,,,,,,,,,,,,,,,,,,,,,,,,,,,,,,,,,,,,,,,,,,,,,,,,,,,,,,,,,,,,,,,,,,,,,,,,,,,,,,,,,,,,,,,,,,,,,,,,,,,,,,,,,,,,,,,,,,,,,,,,,,,,,,,,,,,,,,12.05,16.09,,20.04,,,,,,,,,,,,,,,,,,,,,,
,,,,,,,,,,,,,,,,,,,,,,,,,,,,,,,,,,,,,,,,,,,,,,,,,,,,,,,,,,,,,,,,,,,,,,,,,,,,,,,,,,,,,,,,,,,,,,,,,,,,,,,,,,,,,,,,,,,,,,,,,,,,,,,,,,,,,,,,,,,,,,,,,,,,,,,,,,,,,,,,,,,,,,,,,,,,,,,,,,,,,,,,,,,,,,,,,,,,,,,,,,,,,,,,,,,,,,,,,,,,,,,,,,,,,,,,,,,,,,,,,,,,,,,,,,,,,,,,,,,,,,,,,,,,,,,,,,,,70.2,32.86,,,,,,,,,,,,,,,,,,,,,,,,
,,,,,,,,,,,,,,,,,,,,,,,,,,,,,,,,,,,,,,,,,,,,,,,,,,,,,,,,,,,,,,,,,,,,,,,,,,,,,,,,,,,,,,,,,,,,,,,,,,,,,,,,,,,,,,,,,,,,,,,,,,,,,,,,,,,,,,,,,,,,,,,,,,,,,,,,,,,,,,,,,,,,,,,,,,,,,,,,,,,,,,,,,,,,,,,,,,,,,,,,,,,,,,,,,,,,,,,,,,,,,,,,,,,,,,,,,,,,,,,,,,,,,,,,,,,,,,,,,,,,,,,,,,,,,,,,,,,,10.11,14.1,,,,,,,,,,,,,,,,,,,,,,,,
,,,,,,,,,,,,,,,,,,,,,,,,,,,,,,,,,,,,,,,,,,,,,,,,,,,,,,,,,,,,,,,,,,,,,,,,,,,,,,,,,,,,,,,,,,,,,,,,,,,,,,,,,,,,,,,,,,,,,,,,,,,,,,,,,,,,,,,,,,,,,,,,,,,,,,,,,,,,,,,,,,,,,,,,,,,,,,,,,,,,,,,,,,,,,,,,,,,,,,,,,,,,,,,,,,,,,,,,,,,,,,,,,,,,,,,,,,,,,,,,,,,,,,,,,,,,,,,,,,,,,,,,,,,,,,,,,,,,37.01,28.04,,,,,,,,,,,,,,,,,,,,,,,,
,,,,,,,,,,,,,,,,,,,,,,,,,,,,,,,,,,,,,,,,,,,,,,,,,,,,,,,,,,,,,,,,,,,,,,,,,,,,,,,,,,,,,,,,,,,,,,,,,,,,,,,,,,,,,,,,,,,,,,,,,,,,,,,,,,,,,,,,,,,,,,,,,,,,,,,,,,,,,,,,,,,,,,,,,,,,,,,,,,,,,,,,,,,,,,,,,,,,,,,,,,,,,,,,,,,,,,,,,,,,,,,,,,,,,,,,,,,,,,,,,,,,,,,,,,,,,,,,,,,,,,,,,,,,,,,,,,,,65.96,35.87,,,,,,,,,,,,,,,,,,,,,,,,
,,,,,,,,,,,,,,,,,,,,,,,,,,,,,,,,,,,,,,,,,,,,,,,,,,,,,,,,,,,,,,,,,,,,,,,,,,,,,,,,,,,,,,,,,,,,,,,,,,,,,,,,,,,,,,,,,,,,,,,,,,,,,,,,,,,,,,,,,,,,,,,,,,,,,,,,,,,,,,,,,,,,,,,,,,,,,,,,,,,,,,,,,,,,,,,,,,,,,,,,,,,,,,,,,,,,,,,,,,,,,,,,,,,,,,,,,,,,,,,,,,,,,,,,,,,,,,,,,,,,,,,,,,,,,,,,,,,,20.09,60.04,,,,,,,,,,,,,,,,,,,,,,,,
,,,,,,,,,,,,,,,,,,,,,,,,,,,,,,,,,,,,,,,,,,,,,,,,,,,,,,,,,,,,,,,,,,,,,,,,,,,,,,,,,,,,,,,,,,,,,,,,,,,,,,,,,,,,,,,,,,,,,,,,,,,,,,,,,,,,,,,,,,,,,,,,,,,,,,,,,,,,,,,,,,,,,,,,,,,,,,,,,,,,,,,,,,,,,,,,,,,,,,,,,,,,,,,,,,,,,,,,,,,,,,,,,,,,,,,,,,,,,,,,,,,,,,,,,,,,,,,,,,,,,,,,,,,,,,,,,,,,19.01,32.06,,,,,,,,,,,,,,,,,,,,,,,,
,,,,,,,,,,,,,,,,,,,,,,,,,,,,,,,,,,,,,,,,,,,,,,,,,,,,,,,,,,,,,,,,,,,,,,,,,,,,,,,,,,,,,,,,,,,,,,,,,,,,,,,,,,,,,,,,,,,,,,,,,,,,,,,,,,,,,,,,,,,,,,,,,,,,,,,,,,,,,,,,,,,,,,,,,,,,,,,,,,,,,,,,,,,,,,,,,,,,,,,,,,,,,,,,,,,,,,,,,,,,,,,,,,,,,,,,,,,,,,,,,,,,,,,,,,,,,,,,,,,,,,,,,,,,,,,,,,,,11.86,,,,,,,,,,,,,,,,,,,,,,,,,
,,,,,,,,,,,,,,,,,,,,,,,,,,,,,,,,,,,,,,,,,,,,,,,,,,,,,,,,,,,,,,,,,,,,,,,,,,,,,,,,,,,,,,,,,,,,,,,,,,,,,,,,,,,,,,,,,,,,,,,,,,,,,,,,,,,,,,,,,,,,,,,,,,,,,,,,,,,,,,,,,,,,,,,,,,,,,,,,,,,,,,,,,,,,,,,,,,,,,,,,,,,,,,,,,,,,,,,,,,,,,,,,,,,,,,,,,,,,,,,,,,,,,,,,,,,,,,,,,,,,,,,,,,,,,,,,,,,,18.96,,,,,,,,,,,,,,,,,,,,,,,,,
,,,,,,,,,,,,,,,,,,,,,,,,,,,,,,,,,,,,,,,,,,,,,,,,,,,,,,,,,,,,,,,,,,,,,,,,,,,,,,,,,,,,,,,,,,,,,,,,,,,,,,,,,,,,,,,,,,,,,,,,,,,,,,,,,,,,,,,,,,,,,,,,,,,,,,,,,,,,,,,,,,,,,,,,,,,,,,,,,,,,,,,,,,,,,,,,,,,,,,,,,,,,,,,,,,,,,,,,,,,,,,,,,,,,,,,,,,,,,,,,,,,,,,,,,,,,,,,,,,,,,,,,,,,,,,,,,,,,44.1,,,,,,,,,,,,,,,,,,,,,,,,,
,,,,,,,,,,,,,,,,,,,,,,,,,,,,,,,,,,,,,,,,,,,,,,,,,,,,,,,,,,,,,,,,,,,,,,,,,,,,,,,,,,,,,,,,,,,,,,,,,,,,,,,,,,,,,,,,,,,,,,,,,,,,,,,,,,,,,,,,,,,,,,,,,,,,,,,,,,,,,,,,,,,,,,,,,,,,,,,,,,,,,,,,,,,,,,,,,,,,,,,,,,,,,,,,,,,,,,,,,,,,,,,,,,,,,,,,,,,,,,,,,,,,,,,,,,,,,,,,,,,,,,,,,,,,,,,,,,,,128.85,,,,,,,,,,,,,,,,,,,,,,,,,
,,,,,,,,,,,,,,,,,,,,,,,,,,,,,,,,,,,,,,,,,,,,,,,,,,,,,,,,,,,,,,,,,,,,,,,,,,,,,,,,,,,,,,,,,,,,,,,,,,,,,,,,,,,,,,,,,,,,,,,,,,,,,,,,,,,,,,,,,,,,,,,,,,,,,,,,,,,,,,,,,,,,,,,,,,,,,,,,,,,,,,,,,,,,,,,,,,,,,,,,,,,,,,,,,,,,,,,,,,,,,,,,,,,,,,,,,,,,,,,,,,,,,,,,,,,,,,,,,,,,,,,,,,,,,,,,,,,,12.04,,,,,,,,,,,,,,,,,,,,,,,,,
,,,,,,,,,,,,,,,,,,,,,,,,,,,,,,,,,,,,,,,,,,,,,,,,,,,,,,,,,,,,,,,,,,,,,,,,,,,,,,,,,,,,,,,,,,,,,,,,,,,,,,,,,,,,,,,,,,,,,,,,,,,,,,,,,,,,,,,,,,,,,,,,,,,,,,,,,,,,,,,,,,,,,,,,,,,,,,,,,,,,,,,,,,,,,,,,,,,,,,,,,,,,,,,,,,,,,,,,,,,,,,,,,,,,,,,,,,,,,,,,,,,,,,,,,,,,,,,,,,,,,,,,,,,,,,,,,,,,198.91,,,,,,,,,,,,,,,,,,,,,,,,,
,,,,,,,,,,,,,,,,,,,,,,,,,,,,,,,,,,,,,,,,,,,,,,,,,,,,,,,,,,,,,,,,,,,,,,,,,,,,,,,,,,,,,,,,,,,,,,,,,,,,,,,,,,,,,,,,,,,,,,,,,,,,,,,,,,,,,,,,,,,,,,,,,,,,,,,,,,,,,,,,,,,,,,,,,,,,,,,,,,,,,,,,,,,,,,,,,,,,,,,,,,,,,,,,,,,,,,,,,,,,,,,,,,,,,,,,,,,,,,,,,,,,,,,,,,,,,,,,,,,,,,,,,,,,,,,,,,,,73.08,,,,,,,,,,,,,,,,,,,,,,,,,
,,,,,,,,,,,,,,,,,,,,,,,,,,,,,,,,,,,,,,,,,,,,,,,,,,,,,,,,,,,,,,,,,,,,,,,,,,,,,,,,,,,,,,,,,,,,,,,,,,,,,,,,,,,,,,,,,,,,,,,,,,,,,,,,,,,,,,,,,,,,,,,,,,,,,,,,,,,,,,,,,,,,,,,,,,,,,,,,,,,,,,,,,,,,,,,,,,,,,,,,,,,,,,,,,,,,,,,,,,,,,,,,,,,,,,,,,,,,,,,,,,,,,,,,,,,,,,,,,,,,,,,,,,,,,,,,,,,,12.11,,,,,,,,,,,,,,,,,,,,,,,,,
,,,,,,,,,,,,,,,,,,,,,,,,,,,,,,,,,,,,,,,,,,,,,,,,,,,,,,,,,,,,,,,,,,,,,,,,,,,,,,,,,,,,,,,,,,,,,,,,,,,,,,,,,,,,,,,,,,,,,,,,,,,,,,,,,,,,,,,,,,,,,,,,,,,,,,,,,,,,,,,,,,,,,,,,,,,,,,,,,,,,,,,,,,,,,,,,,,,,,,,,,,,,,,,,,,,,,,,,,,,,,,,,,,,,,,,,,,,,,,,,,,,,,,,,,,,,,,,,,,,,,,,,,,,,,,,,,,,,20.14,,,,,,,,,,,,,,,,,,,,,,,,,
,,,,,,,,,,,,,,,,,,,,,,,,,,,,,,,,,,,,,,,,,,,,,,,,,,,,,,,,,,,,,,,,,,,,,,,,,,,,,,,,,,,,,,,,,,,,,,,,,,,,,,,,,,,,,,,,,,,,,,,,,,,,,,,,,,,,,,,,,,,,,,,,,,,,,,,,,,,,,,,,,,,,,,,,,,,,,,,,,,,,,,,,,,,,,,,,,,,,,,,,,,,,,,,,,,,,,,,,,,,,,,,,,,,,,,,,,,,,,,,,,,,,,,,,,,,,,,,,,,,,,,,,,,,,,,,,,,,,62,,,,,,,,,,,,,,,,,,,,,,,,,
,,,,,,,,,,,,,,,,,,,,,,,,,,,,,,,,,,,,,,,,,,,,,,,,,,,,,,,,,,,,,,,,,,,,,,,,,,,,,,,,,,,,,,,,,,,,,,,,,,,,,,,,,,,,,,,,,,,,,,,,,,,,,,,,,,,,,,,,,,,,,,,,,,,,,,,,,,,,,,,,,,,,,,,,,,,,,,,,,,,,,,,,,,,,,,,,,,,,,,,,,,,,,,,,,,,,,,,,,,,,,,,,,,,,,,,,,,,,,,,,,,,,,,,,,,,,,,,,,,,,,,,,,,,,,,,,,,,,21.29,,,,,,,,,,,,,,,,,,,,,,,,,
,,,,,,,,,,,,,,,,,,,,,,,,,,,,,,,,,,,,,,,,,,,,,,,,,,,,,,,,,,,,,,,,,,,,,,,,,,,,,,,,,,,,,,,,,,,,,,,,,,,,,,,,,,,,,,,,,,,,,,,,,,,,,,,,,,,,,,,,,,,,,,,,,,,,,,,,,,,,,,,,,,,,,,,,,,,,,,,,,,,,,,,,,,,,,,,,,,,,,,,,,,,,,,,,,,,,,,,,,,,,,,,,,,,,,,,,,,,,,,,,,,,,,,,,,,,,,,,,,,,,,,,,,,,,,,,,,,,,30.77,,,,,,,,,,,,,,,,,,,,,,,,,
,,,,,,,,,,,,,,,,,,,,,,,,,,,,,,,,,,,,,,,,,,,,,,,,,,,,,,,,,,,,,,,,,,,,,,,,,,,,,,,,,,,,,,,,,,,,,,,,,,,,,,,,,,,,,,,,,,,,,,,,,,,,,,,,,,,,,,,,,,,,,,,,,,,,,,,,,,,,,,,,,,,,,,,,,,,,,,,,,,,,,,,,,,,,,,,,,,,,,,,,,,,,,,,,,,,,,,,,,,,,,,,,,,,,,,,,,,,,,,,,,,,,,,,,,,,,,,,,,,,,,,,,,,,,,,,,,,,,14.83,,,,,,,,,,,,,,,,,,,,,,,,,
,,,,,,,,,,,,,,,,,,,,,,,,,,,,,,,,,,,,,,,,,,,,,,,,,,,,,,,,,,,,,,,,,,,,,,,,,,,,,,,,,,,,,,,,,,,,,,,,,,,,,,,,,,,,,,,,,,,,,,,,,,,,,,,,,,,,,,,,,,,,,,,,,,,,,,,,,,,,,,,,,,,,,,,,,,,,,,,,,,,,,,,,,,,,,,,,,,,,,,,,,,,,,,,,,,,,,,,,,,,,,,,,,,,,,,,,,,,,,,,,,,,,,,,,,,,,,,,,,,,,,,,,,,,,,,,,,,,,23.76,,,,,,,,,,,,,,,,,,,,,,,,,
,,,,,,,,,,,,,,,,,,,,,,,,,,,,,,,,,,,,,,,,,,,,,,,,,,,,,,,,,,,,,,,,,,,,,,,,,,,,,,,,,,,,,,,,,,,,,,,,,,,,,,,,,,,,,,,,,,,,,,,,,,,,,,,,,,,,,,,,,,,,,,,,,,,,,,,,,,,,,,,,,,,,,,,,,,,,,,,,,,,,,,,,,,,,,,,,,,,,,,,,,,,,,,,,,,,,,,,,,,,,,,,,,,,,,,,,,,,,,,,,,,,,,,,,,,,,,,,,,,,,,,,,,,,,,,,,,,,,15.96,,,,,,,,,,,,,,,,,,,,,,,,,
,,,,,,,,,,,,,,,,,,,,,,,,,,,,,,,,,,,,,,,,,,,,,,,,,,,,,,,,,,,,,,,,,,,,,,,,,,,,,,,,,,,,,,,,,,,,,,,,,,,,,,,,,,,,,,,,,,,,,,,,,,,,,,,,,,,,,,,,,,,,,,,,,,,,,,,,,,,,,,,,,,,,,,,,,,,,,,,,,,,,,,,,,,,,,,,,,,,,,,,,,,,,,,,,,,,,,,,,,,,,,,,,,,,,,,,,,,,,,,,,,,,,,,,,,,,,,,,,,,,,,,,,,,,,,,,,,,,,20.77,,,,,,,,,,,,,,,,,,,,,,,,,
